{
  "threshold": 0.53,
  "f1": 0.7766038891440822,
  "precision": 0.6689527829068848,
  "recall": 0.9255474452554745,
  "index": 53.0
}