{
  "accuracy": 0.7226277372262774,
  "precision": 0.6560102301790282,
  "recall": 0.9361313868613139,
  "f1": 0.7714285714285714,
  "roc_auc": 0.7998424929404869,
  "pr_auc": 0.7631926004199394,
  "confusion_matrix": [
    [
      1395,
      1345
    ],
    [
      175,
      2565
    ]
  ],
  "specificity": 0.5091240875912408,
  "fpr": 0.4908759124087591,
  "fnr": 0.06386861313868614,
  "npv": 0.8885350318471338,
  "fdr": 0.34398976982097185,
  "threshold": 0.5
}